Workbook

Sheet Übersicht
A1: Zeiterfassung – Übersicht Februar 2025 bis August 2026
A3: Einstellungen
A4: Soll-Arbeitszeit pro Arbeitstag (Std.) | B4: 8
A6: Legende
A7: Gelb hinterlegte Zellen mit blauer Schrift = Eingabefelder
A8: Weiße Zellen enthalten Formeln – bitte nicht überschreiben
A9: Monatsblätter: geleistete Stunden als Dezimalzahl in 'Ist-Std.' eintragen (Beispiel: 8,25 = 8 Std. 15 Min.)
A10: Spalte 'Art': leer = Arbeit, U = Urlaub, K = Krank, F = Feiertag, G = Gleittag
A11: Bei U / K / F / G wird automatisch die Soll-Zeit als Ist-Zeit gewertet – keine Eingabe nötig
A12: Gesetzliche Feiertage Baden-Württemberg sind in den Monatsblättern bereits mit 'F' eingetragen
A15: Monat | B15: Arbeitstage (Soll) | C15: Soll-Std. | D15: Ist-Std. | E15: Differenz | F15: Saldo kumuliert | G15: Urlaubstage | H15: Krankheitstage
A16: Februar 2025 | B16: 0 | C16: 0 | D16: 0 | E16: 0 | F16: 0 | G16: 0 | H16: 0 | J16: =D16/C16 -> #DIV/0!
A17: März 2025 | B17: 0 | C17: 0 | D17: 0 | E17: 0 | F17: 0 | G17: 0 | H17: 0 | J17: =D17/C17 -> #DIV/0!
A18: April 2025 | B18: 0 | C18: 0 | D18: 0 | E18: 0 | F18: 0 | G18: 0 | H18: 0 | J18: =D18/C18 -> #DIV/0!
A19: Mai 2025 | B19: 0 | C19: 0 | D19: 0 | E19: 0 | F19: 0 | G19: 0 | H19: 0 | J19: =D19/C19 -> #DIV/0!
A20: Juni 2025 | B20: 0 | C20: 0 | D20: 0 | E20: 0 | F20: 0 | G20: 0 | H20: 0 | J20: =D20/C20 -> #DIV/0!
A21: Juli 2025 | B21: 0 | C21: 0 | D21: 0 | E21: 0 | F21: 0 | G21: 0 | H21: 0 | J21: =D21/C21 -> #DIV/0!
A22: August 2025 | B22: 0 | C22: 0 | D22: 0 | E22: 0 | F22: 0 | G22: 0 | H22: 0 | J22: =D22/C22 -> #DIV/0!
A23: September 2025 | B23: 0 | C23: 0 | D23: 0 | E23: 0 | F23: 0 | G23: 0 | H23: 0 | J23: =D23/C23 -> #DIV/0!
A24: Oktober 2025 | B24: 0 | C24: 0 | D24: 0 | E24: 0 | F24: 0 | G24: 0 | H24: 0 | J24: =D24/C24 -> #DIV/0!
A25: November 2025 | B25: 0 | C25: 0 | D25: 0 | E25: 0 | F25: 0 | G25: 0 | H25: 0 | J25: =D25/C25 -> #DIV/0!
A26: Dezember 2025 | B26: 0 | C26: 0 | D26: 0 | E26: 0 | F26: 0 | G26: 0 | H26: 0 | J26: =D26/C26 -> #DIV/0!
A27: Januar 2026 | B27: 0 | C27: 0 | D27: 0 | E27: 0 | F27: 0 | G27: 0 | H27: 0 | J27: =D27/C27 -> #DIV/0!
... A32: Juni 2026 | B32: 0 | C32: 0 | D32: 0 | E32: 0 | F32: 0 | G32: 0 | H32: 0 | J32: =D32/C32 -> #DIV/0!
A33: Juli 2026 | B33: ='Jul 2026'!$B$39 -> 23 | C33: ='Jul 2026'!$E$38 -> 184 | D33: ='Jul 2026'!$D$38 -> 176 | E33: ='Jul 2026'!$F$38 -> 0 | F33: =F32+E33 -> 0 | G33: ='Jul 2026'!$B$40 -> 1 | H33: ='Jul 2026'!$B$41 -> 0 | J33: =D33/C33 -> 0.95652174
A34: August 2026 | B34: ='Aug 2026'!$B$39 -> 21 | C34: ='Aug 2026'!$E$38 -> 168 | D34: ='Aug 2026'!$D$38 -> 152 | E34: ='Aug 2026'!$F$38 -> 0 | F34: =F33+E34 -> 0 | G34: ='Aug 2026'!$B$40 -> 9 | H34: ='Aug 2026'!$B$41 -> 0 | J34: =D34/C34 -> 0.9047619
A35: Gesamt | B35: =SUM(B16:B34) -> 44 | C35: =SUM(C16:C34) -> 352 | D35: =SUM(D16:D34) -> 328 | E35: =SUM(E16:E34) -> 0 | F35: =F34 -> 0 | G35: =SUM(G16:G34) -> 10 | H35: =SUM(H16:H34) -> 0

Sheet Jul 2026
A1: Zeiterfassung Juli 2026
A2: Name: | B2: Fransiska Agustina
A3: Gelb = Eingabe · Ist-Std. als Dezimalzahl (8,25 = 8 Std. 15 Min.) · Art: U Urlaub, K Krank, F Feiertag, G Gleittag
A5: Datum | B5: Tag | C5: Art | D5: Ist-Std. | E5: Soll-Std. | F5: Differenz | G5: Bemerkung
A6: 46204 | B6: Mi | C6: SD | D6: 8 | E6: =IF(WEEKDAY(A6,2)<=5,Übersicht!$B$4,0) -> 8 | F6: =IF(OR(C6="U",C6="K",C6="F",C6="G"),IF(D6="",0,D6),IF(D6="","",D6-E6)) -> 0
A7: 46205 | B7: Do | C7: SD | D7: 8 | E7: =IF(WEEKDAY(A7,2)<=5,Übersicht!$B$4,0) -> 8 | F7: =IF(OR(C7="U",C7="K",C7="F",C7="G"),IF(D7="",0,D7),IF(D7="","",D7-E7)) -> 0
A8: 46206 | B8: Fr | C8: SD | D8: 8 | E8: =IF(WEEKDAY(A8,2)<=5,Übersicht!$B$4,0) -> 8 | F8: =IF(OR(C8="U",C8="K",C8="F",C8="G"),IF(D8="",0,D8),IF(D8="","",D8-E8)) -> 0
A9: 46207 | B9: Sa | E9: =IF(WEEKDAY(A9,2)<=5,Übersicht!$B$4,0) -> 0 | F9: =IF(OR(C9="U",C9="K",C9="F",C9="G"),IF(D9="",0,D9),IF(D9="","",D9-E9))
A10: 46208 | B10: So | E10: =IF(WEEKDAY(A10,2)<=5,Übersicht!$B$4,0) -> 0 | F10: =IF(OR(C10="U",C10="K",C10="F",C10="G"),IF(D10="",0,D10),IF(D10="","",D10-E10))
A11: 46209 | B11: Mo | C11: SD | D11: 8 | E11: =IF(WEEKDAY(A11,2)<=5,Übersicht!$B$4,0) -> 8 | F11: =IF(OR(C11="U",C11="K",C11="F",C11="G"),IF(D11="",0,D11),IF(D11="","",D11-E11)) -> 0
A12: 46210 | B12: Di | C12: SD | D12: 8 | E12: =IF(WEEKDAY(A12,2)<=5,Übersicht!$B$4,0) -> 8 | F12: =IF(OR(C12="U",C12="K",C12="F",C12="G"),IF(D12="",0,D12),IF(D12="","",D12-E12)) -> 0
A13: 46211 | B13: Mi | C13: SD | D13: 8 | E13: =IF(WEEKDAY(A13,2)<=5,Übersicht!$B$4,0) -> 8 | F13: =IF(OR(C13="U",C13="K",C13="F",C13="G"),IF(D13="",0,D13),IF(D13="","",D13-E13)) -> 0
A14: 46212 | B14: Do | C14: SD | D14: 8 | E14: =IF(WEEKDAY(A14,2)<=5,Übersicht!$B$4,0) -> 8 | F14: =IF(OR(C14="U",C14="K",C14="F",C14="G"),IF(D14="",0,D14),IF(D14="","",D14-E14)) -> 0
A15: 46213 | B15: Fr | C15: P | E15: =IF(WEEKDAY(A15,2)<=5,Übersicht!$B$4,0) -> 8 | F15: =IF(OR(C15="U",C15="K",C15="F",C15="G"),IF(D15="",0,D15),IF(D15="","",D15-E15)) | G15: Gamestate Festival
A16: 46214 | B16: Sa | E16: =IF(WEEKDAY(A16,2)<=5,Übersicht!$B$4,0) -> 0 | F16: =IF(OR(C16="U",C16="K",C16="F",C16="G"),IF(D16="",0,D16),IF(D16="","",D16-E16))
A17: 46215 | B17: So | E17: =IF(WEEKDAY(A17,2)<=5,Übersicht!$B$4,0) -> 0 | F17: =IF(OR(C17="U",C17="K",C17="F",C17="G"),IF(D17="",0,D17),IF(D17="","",D17-E17))
A18: 46216 | B18: Mo | C18: SD | D18: 8 | E18: =IF(WEEKDAY(A18,2)<=5,Übersicht!$B$4,0) -> 8 | F18: =IF(OR(C18="U",C18="K",C18="F",C18="G"),IF(D18="",0,D18),IF(D18="","",D18-E18)) -> 0
A19: 46217 | B19: Di | C19: SD | D19: 8 | E19: =IF(WEEKDAY(A19,2)<=5,Übersicht!$B$4,0) -> 8 | F19: =IF(OR(C19="U",C19="K",C19="F",C19="G"),IF(D19="",0,D19),IF(D19="","",D19-E19)) -> 0
A20: 46218 | B20: Mi | C20: SD | D20: 8 | E20: =IF(WEEKDAY(A20,2)<=5,Übersicht!$B$4,0) -> 8 | F20: =IF(OR(C20="U",C20="K",C20="F",C20="G"),IF(D20="",0,D20),IF(D20="","",D20-E20)) -> 0
A21: 46219 | B21: Do | C21: SD | D21: 8 | E21: =IF(WEEKDAY(A21,2)<=5,Übersicht!$B$4,0) -> 8 | F21: =IF(OR(C21="U",C21="K",C21="F",C21="G"),IF(D21="",0,D21),IF(D21="","",D21-E21)) -> 0
A22: 46220 | B22: Fr | C22: U | E22: =IF(WEEKDAY(A22,2)<=5,Übersicht!$B$4,0) -> 8 | F22: =IF(OR(C22="U",C22="K",C22="F",C22="G"),IF(D22="",0,D22),IF(D22="","",D22-E22)) -> 0
A23: 46221 | B23: Sa | E23: =IF(WEEKDAY(A23,2)<=5,Übersicht!$B$4,0) -> 0 | F23: =IF(OR(C23="U",C23="K",C23="F",C23="G"),IF(D23="",0,D23),IF(D23="","",D23-E23))
A24: 46222 | B24: So | E24: =IF(WEEKDAY(A24,2)<=5,Übersicht!$B$4,0) -> 0 | F24: =IF(OR(C24="U",C24="K",C24="F",C24="G"),IF(D24="",0,D24),IF(D24="","",D24-E24))
A25: 46223 | B25: Mo | C25: SD | D25: 8 | E25: =IF(WEEKDAY(A25,2)<=5,Übersicht!$B$4,0) -> 8 | F25: =IF(OR(C25="U",C25="K",C25="F",C25="G"),IF(D25="",0,D25),IF(D25="","",D25-E25)) -> 0
A26: 46224 | B26: Di | C26: SD | D26: 8 | E26: =IF(WEEKDAY(A26,2)<=5,Übersicht!$B$4,0) -> 8 | F26: =IF(OR(C26="U",C26="K",C26="F",C26="G"),IF(D26="",0,D26),IF(D26="","",D26-E26)) -> 0
A27: 46225 | B27: Mi | C27: SD | D27: 8 | E27: =IF(WEEKDAY(A27,2)<=5,Übersicht!$B$4,0) -> 8 | F27: =IF(OR(C27="U",C27="K",C27="F",C27="G"),IF(D27="",0,D27),IF(D27="","",D27-E27)) -> 0
A28: 46226 | B28: Do | C28: SD | D28: 8 | E28: =IF(WEEKDAY(A28,2)<=5,Übersicht!$B$4,0) -> 8 | F28: =IF(OR(C28="U",C28="K",C28="F",C28="G"),IF(D28="",0,D28),IF(D28="","",D28-E28)) -> 0
A29: 46227 | B29: Fr | C29: SD | D29: 8 | E29: =IF(WEEKDAY(A29,2)<=5,Übersicht!$B$4,0) -> 8 | F29: =IF(OR(C29="U",C29="K",C29="F",C29="G"),IF(D29="",0,D29),IF(D29="","",D29-E29)) -> 0
A30: 46228 | B30: Sa | E30: =IF(WEEKDAY(A30,2)<=5,Übersicht!$B$4,0) -> 0 | F30: =IF(OR(C30="U",C30="K",C30="F",C30="G"),IF(D30="",0,D30),IF(D30="","",D30-E30))
A31: 46229 | B31: So | E31: =IF(WEEKDAY(A31,2)<=5,Übersicht!$B$4,0) -> 0 | F31: =IF(OR(C31="U",C31="K",C31="F",C31="G"),IF(D31="",0,D31),IF(D31="","",D31-E31))
A32: 46230 | B32: Mo | C32: SD | D32: 8 | E32: =IF(WEEKDAY(A32,2)<=5,Übersicht!$B$4,0) -> 8 | F32: =IF(OR(C32="U",C32="K",C32="F",C32="G"),IF(D32="",0,D32),IF(D32="","",D32-E32)) -> 0
A33: 46231 | B33: Di | C33: SD | D33: 8 | E33: =IF(WEEKDAY(A33,2)<=5,Übersicht!$B$4,0) -> 8 | F33: =IF(OR(C33="U",C33="K",C33="F",C33="G"),IF(D33="",0,D33),IF(D33="","",D33-E33)) -> 0
A34: 46232 | B34: Mi | C34: SD | D34: 8 | E34: =IF(WEEKDAY(A34,2)<=5,Übersicht!$B$4,0) -> 8 | F34: =IF(OR(C34="U",C34="K",C34="F",C34="G"),IF(D34="",0,D34),IF(D34="","",D34-E34)) -> 0
A35: 46233 | B35: Do | C35: SD | D35: 8 | E35: =IF(WEEKDAY(A35,2)<=5,Übersicht!$B$4,0) -> 8 | F35: =IF(OR(C35="U",C35="K",C35="F",C35="G"),IF(D35="",0,D35),IF(D35="","",D35-E35)) -> 0
A36: 46234 | B36: Fr | C36: SD | D36: 8 | E36: =IF(WEEKDAY(A36,2)<=5,Übersicht!$B$4,0) -> 8 | F36: =IF(OR(C36="U",C36="K",C36="F",C36="G"),IF(D36="",0,D36),IF(D36="","",D36-E36)) -> 0
A38: Summe | D38: =SUM(D6:D36)+SUMIF(C6:C36,"U",E6:E36)+SUMIF(C6:C36,"K",E6:E36)+SUMIF(C6:C36,"F",E6:E36)+SUMIF(C6:C36,"G",E6:E36) -> 176 | E38: =SUM(E6:E36) -> 184 | F38: =SUM(F6:F36) -> 0
A39: Arbeitstage (Soll) | B39: =COUNTIF(E6:E36,">0") -> 23
A40: Urlaubstage | B40: =COUNTIF(C6:C36,"U") -> 1
A41: Krankheitstage | B41: =COUNTIF(C6:C36,"K") -> 0
A42: Saldo kumuliert (Std.) | B42: =Übersicht!F33 -> 0

Sheet Aug 2026
A1: Zeiterfassung August 2026
A2: Name: | B2: Fransiska Agustina
A3: Gelb = Eingabe · Ist-Std. als Dezimalzahl (8,25 = 8 Std. 15 Min.) · Art: U Urlaub, K Krank, F Feiertag, G Gleittag
A5: Datum | B5: Tag | C5: Art | D5: Ist-Std. | E5: Soll-Std. | F5: Differenz | G5: Bemerkung
A6: 46235 | B6: Sa | E6: =IF(WEEKDAY(A6,2)<=5,Übersicht!$B$4,0) -> 0 | F6: =IF(OR(C6="U",C6="K",C6="F",C6="G"),IF(D6="",0,D6),IF(D6="","",D6-E6))
A7: 46236 | B7: So | E7: =IF(WEEKDAY(A7,2)<=5,Übersicht!$B$4,0) -> 0 | F7: =IF(OR(C7="U",C7="K",C7="F",C7="G"),IF(D7="",0,D7),IF(D7="","",D7-E7))
A8: 46237 | B8: Mo | C8: SD | D8: 8 | E8: =IF(WEEKDAY(A8,2)<=5,Übersicht!$B$4,0) -> 8 | F8: =IF(OR(C8="U",C8="K",C8="F",C8="G"),IF(D8="",0,D8),IF(D8="","",D8-E8)) -> 0
A9: 46238 | B9: Di | C9: SD | D9: 8 | E9: =IF(WEEKDAY(A9,2)<=5,Übersicht!$B$4,0) -> 8 | F9: =IF(OR(C9="U",C9="K",C9="F",C9="G"),IF(D9="",0,D9),IF(D9="","",D9-E9)) -> 0
A10: 46239 | B10: Mi | C10: SD | D10: 8 | E10: =IF(WEEKDAY(A10,2)<=5,Übersicht!$B$4,0) -> 8 | F10: =IF(OR(C10="U",C10="K",C10="F",C10="G"),IF(D10="",0,D10),IF(D10="","",D10-E10)) -> 0
A11: 46240 | B11: Do | C11: SD | D11: 8 | E11: =IF(WEEKDAY(A11,2)<=5,Übersicht!$B$4,0) -> 8 | F11: =IF(OR(C11="U",C11="K",C11="F",C11="G"),IF(D11="",0,D11),IF(D11="","",D11-E11)) -> 0
A12: 46241 | B12: Fr | C12: U | E12: =IF(WEEKDAY(A12,2)<=5,Übersicht!$B$4,0) -> 8 | F12: =IF(OR(C12="U",C12="K",C12="F",C12="G"),IF(D12="",0,D12),IF(D12="","",D12-E12)) -> 0
A13: 46242 | B13: Sa | E13: =IF(WEEKDAY(A13,2)<=5,Übersicht!$B$4,0) -> 0 | F13: =IF(OR(C13="U",C13="K",C13="F",C13="G"),IF(D13="",0,D13),IF(D13="","",D13-E13))
A14: 46243 | B14: So | E14: =IF(WEEKDAY(A14,2)<=5,Übersicht!$B$4,0) -> 0 | F14: =IF(OR(C14="U",C14="K",C14="F",C14="G"),IF(D14="",0,D14),IF(D14="","",D14-E14))
A15: 46244 | B15: Mo | C15: U | E15: =IF(WEEKDAY(A15,2)<=5,Übersicht!$B$4,0) -> 8 | F15: =IF(OR(C15="U",C15="K",C15="F",C15="G"),IF(D15="",0,D15),IF(D15="","",D15-E15)) -> 0
A16: 46245 | B16: Di | C16: U | E16: =IF(WEEKDAY(A16,2)<=5,Übersicht!$B$4,0) -> 8 | F16: =IF(OR(C16="U",C16="K",C16="F",C16="G"),IF(D16="",0,D16),IF(D16="","",D16-E16)) -> 0
A17: 46246 | B17: Mi | C17: U | E17: =IF(WEEKDAY(A17,2)<=5,Übersicht!$B$4,0) -> 8 | F17: =IF(OR(C17="U",C17="K",C17="F",C17="G"),IF(D17="",0,D17),IF(D17="","",D17-E17)) -> 0
A18: 46247 | B18: Do | C18: U | E18: =IF(WEEKDAY(A18,2)<=5,Übersicht!$B$4,0) -> 8 | F18: =IF(OR(C18="U",C18="K",C18="F",C18="G"),IF(D18="",0,D18),IF(D18="","",D18-E18)) -> 0
A19: 46248 | B19: Fr | C19: U | E19: =IF(WEEKDAY(A19,2)<=5,Übersicht!$B$4,0) -> 8 | F19: =IF(OR(C19="U",C19="K",C19="F",C19="G"),IF(D19="",0,D19),IF(D19="","",D19-E19)) -> 0
A20: 46249 | B20: Sa | E20: =IF(WEEKDAY(A20,2)<=5,Übersicht!$B$4,0) -> 0 | F20: =IF(OR(C20="U",C20="K",C20="F",C20="G"),IF(D20="",0,D20),IF(D20="","",D20-E20))
A21: 46250 | B21: So | E21: =IF(WEEKDAY(A21,2)<=5,Übersicht!$B$4,0) -> 0 | F21: =IF(OR(C21="U",C21="K",C21="F",C21="G"),IF(D21="",0,D21),IF(D21="","",D21-E21))
A22: 46251 | B22: Mo | C22: U | E22: =IF(WEEKDAY(A22,2)<=5,Übersicht!$B$4,0) -> 8 | F22: =IF(OR(C22="U",C22="K",C22="F",C22="G"),IF(D22="",0,D22),IF(D22="","",D22-E22)) -> 0
A23: 46252 | B23: Di | C23: U | E23: =IF(WEEKDAY(A23,2)<=5,Übersicht!$B$4,0) -> 8 | F23: =IF(OR(C23="U",C23="K",C23="F",C23="G"),IF(D23="",0,D23),IF(D23="","",D23-E23)) -> 0
A24: 46253 | B24: Mi | C24: SD | D24: 8 | E24: =IF(WEEKDAY(A24,2)<=5,Übersicht!$B$4,0) -> 8 | F24: =IF(OR(C24="U",C24="K",C24="F",C24="G"),IF(D24="",0,D24),IF(D24="","",D24-E24)) -> 0
A25: 46254 | B25: Do | C25: SD | D25: 8 | E25: =IF(WEEKDAY(A25,2)<=5,Übersicht!$B$4,0) -> 8 | F25: =IF(OR(C25="U",C25="K",C25="F",C25="G"),IF(D25="",0,D25),IF(D25="","",D25-E25)) -> 0
A26: 46255 | B26: Fr | C26: SD | D26: 8 | E26: =IF(WEEKDAY(A26,2)<=5,Übersicht!$B$4,0) -> 8 | F26: =IF(OR(C26="U",C26="K",C26="F",C26="G"),IF(D26="",0,D26),IF(D26="","",D26-E26)) -> 0
A27: 46256 | B27: Sa | E27: =IF(WEEKDAY(A27,2)<=5,Übersicht!$B$4,0) -> 0 | F27: =IF(OR(C27="U",C27="K",C27="F",C27="G"),IF(D27="",0,D27),IF(D27="","",D27-E27))
A28: 46257 | B28: So | E28: =IF(WEEKDAY(A28,2)<=5,Übersicht!$B$4,0) -> 0 | F28: =IF(OR(C28="U",C28="K",C28="F",C28="G"),IF(D28="",0,D28),IF(D28="","",D28-E28))
A29: 46258 | B29: Mo | C29: SD | D29: 8 | E29: =IF(WEEKDAY(A29,2)<=5,Übersicht!$B$4,0) -> 8 | F29: =IF(OR(C29="U",C29="K",C29="F",C29="G"),IF(D29="",0,D29),IF(D29="","",D29-E29)) -> 0
A30: 46259 | B30: Di | C30: U | E30: =IF(WEEKDAY(A30,2)<=5,Übersicht!$B$4,0) -> 8 | F30: =IF(OR(C30="U",C30="K",C30="F",C30="G"),IF(D30="",0,D30),IF(D30="","",D30-E30)) -> 0
A31: 46260 | B31: Mi | C31: P | E31: =IF(WEEKDAY(A31,2)<=5,Übersicht!$B$4,0) -> 8 | F31: =IF(OR(C31="U",C31="K",C31="F",C31="G"),IF(D31="",0,D31),IF(D31="","",D31-E31)) | G31: Gamescom
A32: 46261 | B32: Do | C32: P | E32: =IF(WEEKDAY(A32,2)<=5,Übersicht!$B$4,0) -> 8 | F32: =IF(OR(C32="U",C32="K",C32="F",C32="G"),IF(D32="",0,D32),IF(D32="","",D32-E32)) | G32: Gamescom
A33: 46262 | B33: Fr | C33: SD | D33: 8 | E33: =IF(WEEKDAY(A33,2)<=5,Übersicht!$B$4,0) -> 8 | F33: =IF(OR(C33="U",C33="K",C33="F",C33="G"),IF(D33="",0,D33),IF(D33="","",D33-E33)) -> 0
A34: 46263 | B34: Sa | E34: =IF(WEEKDAY(A34,2)<=5,Übersicht!$B$4,0) -> 0 | F34: =IF(OR(C34="U",C34="K",C34="F",C34="G"),IF(D34="",0,D34),IF(D34="","",D34-E34))
A35: 46264 | B35: So | E35: =IF(WEEKDAY(A35,2)<=5,Übersicht!$B$4,0) -> 0 | F35: =IF(OR(C35="U",C35="K",C35="F",C35="G"),IF(D35="",0,D35),IF(D35="","",D35-E35))
A36: 46265 | B36: Mo | C36: SD | D36: 8 | E36: =IF(WEEKDAY(A36,2)<=5,Übersicht!$B$4,0) -> 8 | F36: =IF(OR(C36="U",C36="K",C36="F",C36="G"),IF(D36="",0,D36),IF(D36="","",D36-E36)) -> 0
A38: Summe | D38: =SUM(D6:D36)+SUMIF(C6:C36,"U",E6:E36)+SUMIF(C6:C36,"K",E6:E36)+SUMIF(C6:C36,"F",E6:E36)+SUMIF(C6:C36,"G",E6:E36) -> 152 | E38: =SUM(E6:E36) -> 168 | F38: =SUM(F6:F36) -> 0
A39: Arbeitstage (Soll) | B39: =COUNTIF(E6:E36,">0") -> 21
A40: Urlaubstage | B40: =COUNTIF(C6:C36,"U") -> 9
A41: Krankheitstage | B41: =COUNTIF(C6:C36,"K") -> 0
A42: Saldo kumuliert (Std.) | B42: =Übersicht!F34 -> 0
